"ID","Name","Description","Tags (comma separated)","Options & variants (ex..size,type , color )","Variants (price · availability · photos)","Compare-at price (₹)","Price (₹)","Secondary category (optional)","Category","featured in homepage ?","checkout modes","Weight (grams)","Length (cm)","Breadth (cm)","Height (cm)"
"cmrz4qczt000kiyto1urrrls1","Resin Car Dashboard Idol (Ganesha)","Bring calm to your drive with a compact resin Ganesha dashboard idol that sits securely on your car dashboard. A thoughtful gift for a new car.","car dashboard, dashboard idol, ganesha, car accessory, new car, gift","None","No options variant matrix (Base Product Only) | Price: ₹199 | Stock: 39 | Photos: 3","299","199","","Car Accessories","No","Prepaid — Pay Online (full amount); Cash on Delivery","","","",""
"cmrz4qcx1000jiytojotxwlkq","Personalised Resin Ring Platter","An elegant resin ring platter to hold rings, trinkets and small treasures — a favourite for weddings, engagements and dressing tables. Glossy, sturdy and gift-ready.","ring platter, ring plate, trinket tray, wedding, engagement, gift","Size: 8 inch, 10 inch","[Size: 8 inch] -> Price: ₹799 | Available | 5 main photo(s) (EXISTING)
[Size: 10 inch] -> Price: ₹1299 | Available | 5 main photo(s) (EXISTING)","999","799","Wedding Preservation","Tableware & Dining","No","Prepaid — Pay Online (full amount); Cash on Delivery","","","",""
"cmrz4qctt000iiyto1hpteimd","Handcrafted Resin Rakhi","A handcrafted resin rakhi that lasts well beyond Raksha Bandhan — set with dried flowers and shimmer in crystal-clear resin. Choose from Evil-Eye, Hanumanji, Brother and Bhai-Bhabhi designs.","rakhi, resin rakhi, raksha bandhan, keepsake, gift","Thread type: normal, bracelet","[Thread type: normal] -> Price: ₹120 | Available | 5 main photo(s) (EXISTING)
[Thread type: bracelet] -> Price: ₹200 | Available | 5 main photo(s) (EXISTING)","199","120","Personalised Gifts","Rakhi Collection","No","Prepaid — Pay Online (full amount); Cash on Delivery","","","",""
"cmrz4qcq3000hiytogxwvmxiq","Personalised Rakhi Hamper","Preserve the love of Raksha Bandhan — a curated resin hamper that keeps your rakhi as a lasting keepsake. From a mini hamper to a deluxe set with a 12-inch resin thali.","rakhi hamper, rakhi, raksha bandhan, brother, gift set","Deluxe Hamper combo with Pooja Thali: 4 inch, 8 inch, 12 inch","[Deluxe Hamper combo with Pooja Thali: 4 inch] -> Price: ₹1 | Available | 3 main photo(s) (EXISTING)
[Deluxe Hamper combo with Pooja Thali: 8 inch] -> Price: ₹451 | Available | 3 main photo(s) (EXISTING)
[Deluxe Hamper combo with Pooja Thali: 12 inch] -> Price: ₹1251 | Available | 3 main photo(s) (EXISTING)","298","1","Festive Decor","Rakhi Collection","Yes","Customised Order (pay to owner, non-refundable); Prepaid — Pay Online (full amount); Advance Payment (advance online + COD); Cash on Delivery","200","20","20","5"
"cmrz4qcn8000giytohez4lf7i","Wedding Varmala & Flower Preservation Frame","Immortalise your wedding varmala and special-day blooms in resin — petals from your garland preserved in a stunning frame. Choose your size and full or half preservation. A once-in-a-lifetime memory to cherish forever.","varmala, flower preservation, wedding, garland, keepsake, anniversary","Size: 8 inch (Thick), 14 inch, 16 × 20 inch | Preservation: Full Preservation, Half Preservation","[Size: 8 inch (Thick), Preservation: Full Preservation] -> Price: ₹3000 | Available | 4 main photo(s) (EXISTING)
[Size: 8 inch (Thick), Preservation: Half Preservation] -> Price: ₹1500 | Available | 4 main photo(s) (EXISTING)
[Size: 14 inch, Preservation: Full Preservation] -> Price: ₹5000 | Available | 4 main photo(s) (EXISTING)
[Size: 14 inch, Preservation: Half Preservation] -> Price: ₹3500 | Available | 4 main photo(s) (EXISTING)
[Size: 16 × 20 inch, Preservation: Full Preservation] -> Price: ₹8000 | Available | 4 main photo(s) (EXISTING)
[Size: 16 × 20 inch, Preservation: Half Preservation] -> Price: ₹6500 | Available | 4 main photo(s) (EXISTING)","3500","3000","Personalised Gifts","Wedding Preservation","Yes","Prepaid — Pay Online (full amount); Cash on Delivery","","","",""
"cmrz4qcky000fiytobr1q8h13","Personalised Resin Brooch","A dainty handcrafted resin brooch that adds a refined touch to sarees, blazers and dupattas. Available as a single piece, a cute pet design, or a 'Mom & Dad To Be' set of two.","brooch, saree brooch, accessory, mom to be, gift, dog tag, pet tag","Type: Single, Pet / Dog Design, Mom & Dad To Be (Set of 2)","[Type: Single] -> Price: ₹200 | Available | 2 main photo(s) (EXISTING)
[Type: Pet / Dog Design] -> Price: ₹200 | Available | 2 main photo(s) (EXISTING)
[Type: Mom & Dad To Be (Set of 2)] -> Price: ₹400 | Available | 2 main photo(s) (EXISTING)","347","200","Personalised Gifts","Fashion Accessories","No","Prepaid — Pay Online (full amount); Cash on Delivery","","","",""
"cmrz4qcic000eiyto0nq84u0f","Custom Resin QR Code Frame","A modern personalised resin frame featuring a custom QR code with a light stand — link a wedding invite, a Spotify song or a video message. A unique, memorable keepsake gift.","qr code, qr frame, personalised, wedding, spotify, gift","None","No options variant matrix (Base Product Only) | Price: ₹1199 | Stock: 15 | Photos: 1","1500","1199","Home Decor","Personalised Gifts","No","Prepaid — Pay Online (full amount); Cash on Delivery","","","",""
"cmrz4qcfd000diytogw98cjer","Resin Name Keychain","A custom resin keychain with your name, initials or dried flowers set in crystal-clear resin. A charming little keepsake or return gift — personalise it your way.","keychain, name keychain, personalised, return gift, accessory","Type: Standard, Premium","[Type: Standard] -> Price: ₹199 | Available | 3 main photo(s) (EXISTING)
[Type: Premium] -> Price: ₹299 | Available | 3 main photo(s) (EXISTING)","349","199","Fashion Accessories","Personalised Gifts","No","Prepaid — Pay Online (full amount); Cash on Delivery","","","",""
"cmrz4qccl000ciyto2tdbdcqf","Flower Photo Frame","A personalised resin frame set with three preserved flowers around your photo, finished on a metal stand. A romantic keepsake for anniversaries and special days.","flower frame, personalised, preserved flowers, anniversary, gift","Size: 10 inch, 12 inch","[Size: 10 inch] -> Price: ₹1200 | Available | 1 main photo(s) (EXISTING)
[Size: 12 inch] -> Price: ₹1500 | Available | 1 main photo(s) (EXISTING)","1499","1200","Wedding Preservation","Personalised Gifts","No","Prepaid — Pay Online (full amount); Cash on Delivery","","","",""
"cmrz4qc9p000biyto4il65udu","Baby Footprint & Newborn Frame","Capture your little one's first footprints or a newborn keepsake in a beautiful 9×11 inch resin frame (Pagli) — a heart-melting memory and a cherished gift for new parents.","baby footprint, pagli, newborn, keepsake, personalised, gift","Type: Baby Footprint (Pagli), Newborn Baby | size: 9 x 11 inch","[Type: Baby Footprint (Pagli), size: 9 x 11 inch] -> Price: ₹1200 | Available | 2 main photo(s) (EXISTING)
[Type: Newborn Baby, size: 9 x 11 inch] -> Price: ₹1200 | Available | 2 main photo(s) (EXISTING)","1499","1200","Home Decor","Personalised Gifts","No","Prepaid — Pay Online (full amount); Cash on Delivery","","","",""
"cmrz4qc7c000aiytousag4d2f","Custom Resin Photo Frame","Turn a favourite photo into a glossy resin-coated keepsake frame. A treasured gift for weddings, anniversaries and family memories — choose your size and a wooden or metal stand.","photo frame, personalised, memories, anniversary, custom, gift","Size: 6 inch, 8 inch, 10 inch, 12 inch | Stand: Wooden Stand, Metal Stand","[Size: 6 inch, Stand: Wooden Stand] -> Price: ₹499 | Available | 8 main photo(s) (EXISTING)
[Size: 6 inch, Stand: Metal Stand] -> Price: ₹599 | Available | 8 main photo(s) (EXISTING)
[Size: 8 inch, Stand: Wooden Stand] -> Price: ₹699 | Available | 8 main photo(s) (EXISTING)
[Size: 8 inch, Stand: Metal Stand] -> Price: ₹799 | Available | 8 main photo(s) (EXISTING)
[Size: 10 inch, Stand: Wooden Stand] -> Price: ₹899 | Available | 8 main photo(s) (EXISTING)
[Size: 10 inch, Stand: Metal Stand] -> Price: ₹999 | Available | 8 main photo(s) (EXISTING)
[Size: 12 inch, Stand: Wooden Stand] -> Price: ₹1099 | Available | 8 main photo(s) (EXISTING)
[Size: 12 inch, Stand: Metal Stand] -> Price: ₹1199 | Available | 8 main photo(s) (EXISTING)","699","499","Home Decor","Personalised Gifts","Yes","Prepaid — Pay Online (full amount); Cash on Delivery","","","",""
"cmrz4qc4f0009iytoludlo3ft","Custom Resin Name Plate","Announce your home in style with a custom resin name plate, hand-poured in your choice of colours with your family name in elegant lettering. Weather-resistant and made to order in MDF and premium finishes.","name plate, nameplate, personalised, door, custom, housewarming","Size: 9 × 11 inch, 12 x 12  inch, 12 × 18 inch (MDF), 18 x 18 inch","[Size: 9 × 11 inch] -> Price: ₹1999 | Available | 4 main photo(s) (EXISTING)
[Size: 12 x 12  inch] -> Price: ₹2499 | Available | 4 main photo(s) (EXISTING)
[Size: 12 × 18 inch (MDF)] -> Price: ₹3499 | Available | 4 main photo(s) (EXISTING)
[Size: 18 x 18 inch] -> Price: ₹5499 | Available | 4 main photo(s) (EXISTING)","2499","1999","Personalised Gifts","Home Decor","No","Prepaid — Pay Online (full amount); Cash on Delivery","","","",""
"cmrz4qc1u0008iytops4k5f0i","Toran Door Hanging","A statement 3 ft handcrafted resin toran (patta + jhumcha) for your doorway, rich with traditional motifs and gold detailing. A premium festive centrepiece for Diwali and celebrations.","toran, door hanging, bandhanwar, diwali, festival, premium","size: 3 feet","[size: 3 feet] -> Price: ₹11999 | Available | 1 main photo(s) (EXISTING)","13999","11999","Home Decor","Home Decor","No","Prepaid — Pay Online (full amount); Cash on Delivery","","","",""
"cmrz4qbzi0007iyto7ux5ikmg","Shubh Labh Door Hanging","Invite prosperity home with a handcrafted resin Shubh-Labh door hanging, gleaming with gold detail. A must-have for Diwali, housewarmings and your main door.","shubh labh, diwali, festival, door hanging, housewarming","Type: Standard, Deluxe, Premium, MDF Base","[Type: Standard] -> Price: ₹299 | Available | 4 main photo(s) (EXISTING)
[Type: Deluxe] -> Price: ₹399 | Available | 4 main photo(s) (EXISTING)
[Type: Premium] -> Price: ₹499 | Available | 4 main photo(s) (EXISTING)
[Type: MDF Base] -> Price: ₹599 | Available | 4 main photo(s) (EXISTING)","449","299","Pooja Essentials","Festive Decor","No","Prepaid — Pay Online (full amount); Cash on Delivery","","","",""
"cmrz4qbwy0006iytoh6iaedj1","God Photo Frame","A divine resin-finished frame for your favourite deity photograph, with a luminous glossy coat. Perfect for your pooja room or as a spiritual gift. Available up to a large 2×3 ft premium fibre panel.","god frame, god photo frame, deity, spiritual, pooja, gift","Size: 9 × 11 inch ( resin ), 2 × 3 feet ( with frame )","[Size: 9 × 11 inch ( resin )] -> Price: ₹1500 | Available | 3 main photo(s) (EXISTING)
[Size: 2 × 3 feet ( with frame )] -> Price: ₹12000 | Available | 3 main photo(s) (EXISTING)","1899","1500","Home Decor","Pooja Essentials","Yes","Prepaid — Pay Online (full amount); Cash on Delivery","","","",""
"cmrz4qbtx0005iyto5q770gu0","Krishna Jhula","A beautifully detailed resin Krishna Jhula (Kanha jhula) to cradle your Laddu Gopal, finished with gold accents. A heartfelt devotional piece for Janmashtami and everyday worship.","krishna jhula, kanha jhula, laddu gopal, janmashtami, mandir, spiritual","Size: 8 inch plate, 10 inch plate","[Size: 8 inch plate] -> Price: ₹1800 | Available | 2 main photo(s) (EXISTING)
[Size: 10 inch plate] -> Price: ₹2200 | Available | 2 main photo(s) (EXISTING)","2199","1800","Home Decor","Pooja Essentials","Yes","Prepaid — Pay Online (full amount); Cash on Delivery","","","",""
"cmrz4qbpt0004iytoan4nyi61","Resin Mandir Backdrop","An elegant 3×2 ft resin mandir backdrop that catches the light beautifully behind your idols. Handmade to bring warmth and devotion to your sacred space.","mandir, temple, mandir backdrop, pooja, home, spiritual","Size: 2 x 3 feet","[Size: 2 x 3 feet] -> Price: ₹4500 | Available | 1 main photo(s) (EXISTING)","5998","4500","Home Decor","Pooja Essentials","No","Prepaid — Pay Online (full amount); Cash on Delivery","","","",""
"cmrz4qbmw0003iytopoggb8mq","Panchmashi Resin Spiritual Wall Art","A sacred resin Panchmashi piece for your home temple, blending traditional motifs with a modern glossy finish. A meaningful spiritual accent and a thoughtful gift.","panchmashi, pooja, temple, spiritual, wall art, gift","Size: Standard, Large","[Size: Standard] -> Price: ₹199 | Available | 2 main photo(s) (EXISTING)
[Size: Large] -> Price: ₹199 | Available | 2 main photo(s) (EXISTING)","299","199","Home Decor","Pooja Essentials","No","Prepaid — Pay Online (full amount); Cash on Delivery","","","",""
"cmrz4qbhj0002iytoh0vakiuo","Handcrafted Resin Pooja Thali","A handcrafted resin pooja thali (aarti thali) with intricate detailing and a glossy mirror finish — perfect for daily aarti, festivals and gifting. Choose your design and size; each thali is poured and finished by hand.","pooja thali, aarti thali, resin thali, diwali, festival, gift, handmade","Design: Unique / White Marble, Ram–Hanuman Photo, Diya (Diveliya), Pink 3-Vatki, Pichwai Art | Size: 6 inch, 8 inch, 10 inch, 12 inch","[Design: Unique / White Marble, Size: 6 inch] -> Price: ₹599 | Out of Stock | No photo (EXISTING)
[Design: Unique / White Marble, Size: 8 inch] -> Price: ₹449 | Available | 3 photo(s) (EXISTING)
[Design: Unique / White Marble, Size: 10 inch] -> Price: ₹599 | Available | 3 photo(s) (EXISTING)
[Design: Unique / White Marble, Size: 12 inch] -> Price: ₹1146 | Available | 3 photo(s) (EXISTING)
[Design: Ram–Hanuman Photo, Size: 6 inch] -> Price: ₹599 | Out of Stock | No photo (EXISTING)
[Design: Ram–Hanuman Photo, Size: 8 inch] -> Price: ₹599 | Out of Stock | No photo (EXISTING)
[Design: Ram–Hanuman Photo, Size: 10 inch] -> Price: ₹600 | Available | 1 photo(s) (EXISTING)
[Design: Ram–Hanuman Photo, Size: 12 inch] -> Price: ₹1150 | Available | 1 photo(s) (EXISTING)
[Design: Diya (Diveliya), Size: 6 inch] -> Price: ₹599 | Out of Stock | No photo (EXISTING)
[Design: Diya (Diveliya), Size: 8 inch] -> Price: ₹599 | Out of Stock | No photo (EXISTING)
[Design: Diya (Diveliya), Size: 10 inch] -> Price: ₹599 | Available | 6 photo(s) (EXISTING)
[Design: Diya (Diveliya), Size: 12 inch] -> Price: ₹599 | Available | 6 photo(s) (EXISTING)
[Design: Pink 3-Vatki, Size: 6 inch] -> Price: ₹700 | Out of Stock | No photo (EXISTING)
[Design: Pink 3-Vatki, Size: 8 inch] -> Price: ₹500 | Available | 3 photo(s) (EXISTING)
[Design: Pink 3-Vatki, Size: 10 inch] -> Price: ₹700 | Available | 3 photo(s) (EXISTING)
[Design: Pink 3-Vatki, Size: 12 inch] -> Price: ₹1250 | Available | 3 photo(s) (EXISTING)
[Design: Pichwai Art, Size: 6 inch] -> Price: ₹599 | Out of Stock | No photo (EXISTING)
[Design: Pichwai Art, Size: 8 inch] -> Price: ₹600 | Available | 2 photo(s) (EXISTING)
[Design: Pichwai Art, Size: 10 inch] -> Price: ₹800 | Available | 2 photo(s) (EXISTING)
[Design: Pichwai Art, Size: 12 inch] -> Price: ₹1350 | Available | 2 photo(s) (EXISTING)","799","599","Festive Decor","Pooja Essentials","Yes","Prepaid — Pay Online (full amount); Cash on Delivery","","","",""